{"cameraMode":{"drawMode":0,"name":"Shaded","section":"Shading Mode"},"sceneLighting":false,"audioPlay":false,"sceneViewState":{"showFog":true,"showMaterialUpdate":false,"showSkybox":false,"showFlares":true,"showImageEffects":true,"showParticleSystems":true},"in2DMode":false,"pivot":{"x":6.831822395324707,"y":7.367397308349609,"z":-0.6091670989990234},"rotation":{"x":-0.016490284353494645,"y":0.0329894982278347,"z":0.0005443781265057623,"w":0.9993194937705994},"size":13.50308609008789,"orthographic":false}