{"cameraMode":{"drawMode":0,"name":"Shaded","section":"Shading Mode"},"sceneLighting":true,"audioPlay":false,"sceneViewState":{"showFog":true,"showMaterialUpdate":false,"showSkybox":true,"showFlares":true,"showImageEffects":true,"showParticleSystems":true},"in2DMode":false,"pivot":{"x":-0.9869999885559082,"y":0.7940000295639038,"z":-0.006293296813964844},"rotation":{"x":-0.016490284353494645,"y":0.0329894982278347,"z":0.0005443781265057623,"w":0.9993194937705994},"size":2.090454578399658,"orthographic":true}