{"cameraMode":{"drawMode":0,"name":"Shaded","section":"Shading Mode"},"sceneLighting":false,"audioPlay":false,"sceneViewState":{"showFog":true,"showMaterialUpdate":false,"showSkybox":false,"showFlares":true,"showImageEffects":true,"showParticleSystems":true},"in2DMode":false,"pivot":{"x":-1.3289999961853028,"y":0.04075002670288086,"z":-0.006293296813964844},"rotation":{"x":-0.016490284353494645,"y":0.0329894982278347,"z":0.0005443781265057623,"w":0.9993194937705994},"size":4.488394260406494,"orthographic":false}